Scenario,Accuracy,Precision,Recall,F1,ROC_AUC
No Feature Engineering,0.7984099943214082,0.6497326203208557,0.5203426124197003,0.5778834720570749,0.8386003263290629
Feature Engineering,0.7910278250993753,0.6356164383561644,0.49678800856531047,0.5576923076923077,0.8332114287983743
Feature Engineering + SMOTE,0.8616157711635098,0.8491411501120238,0.8793503480278422,0.8639817629179332,0.938316054465192
