Scenario,Accuracy,Precision,Recall,F1,ROC_AUC
No Feature Engineering,0.7967064168086314,0.6437994722955145,0.5224839400428265,0.5768321513002365,0.8283694468623097
Feature Engineering,0.7808063600227144,0.608,0.48822269807280516,0.5415676959619953,0.823900625188235
Feature Engineering + SMOTE,0.8596830305373019,0.8582434514637904,0.8615622583139985,0.8598996526437669,0.9394925834149163
