Scenario,Best_Model,Best_ROC_AUC,Best_ROC_AUC_Std,Num_Models_Tested
No_FE,LogisticRegression,0.8444100335955639,0.014740135061828166,10
FE_Only,LogisticRegression,0.8446016029958228,0.015507438939442286,10
FE_SMOTE,CatBoost,0.9372491920934568,0.008624249124253523,10
